Date|Time|Location|Wind Direction|Wind Speed (kts)|Weather|Temp (â—¦C)|Humidity (%)|Rain (mm)|Pressure (hPa)
6-DEC-2017|12:00|ATHENRY GALWAY(A)|S|11 Gust 23|--|12|87|0.0|1013
6-DEC-2017|12:00|BALLYHAISE CAVAN(A)|S|13|CLOUDY|11|89|0.0|1013
6-DEC-2017|12:00|BELMULLET(A)|S|26 Gust 35|LIGHT RAIN|12|97|0.4|1009
6-DEC-2017|12:00|CASEMENT AERODROME|S|25 Gust 41|CLOUDY|11|83|0.0|1016
6-DEC-2017|12:00|CLAREMORRIS(A)|S|12 Gust 26|--|10|97|0.6|1012
6-DEC-2017|12:00|CORK AIRPORT|S|19 Gust 32|RAIN/DRIZZLE|10|100|0.9|1018
6-DEC-2017|12:00|DUBLIN AIRPORT|S|18 Gust 30|RECENT RAIN|11|80|Trace|1017
6-DEC-2017|12:00|DUNSANY MEATH(A)|S|17|--|11|86|0.0|1016
6-DEC-2017|12:00|FINNER DONEGAL(A)|S|23 Gust 36|CLOUDY|12|84|0.0|1010
6-DEC-2017|12:00|GURTEEN TIPPERARY(A|S|19|RECENT DRIZZLE|12|88|Trace|1015
6-DEC-2017|12:00|JOHNSTOWN CASTLE(A)|S|17 Gust 27|RAIN SHOWER|11|91|0.2|1020
6-DEC-2017|12:00|KNOCK AIRPORT(P)|S|18 Gust 33|LIGHT DRIZZLE|10|97|0.2|1012
6-DEC-2017|12:00|MACE HEAD GALWAY(A)|S|24|RAIN SHOWER|12|96|0.4|1011
6-DEC-2017|12:00|MALIN HEAD(A)|S|24 Gust 35|CLOUDY|11|85|0.0|1010
6-DEC-2017|12:00|MARKREE SLIGO(A)|--|--|--|11|92|0.0|1012
6-DEC-2017|12:00|MOOREPARK CORK(A)|S|07 Gust 22|--|11|94|0.5|1018
6-DEC-2017|12:00|MT DILLON ROSCOM(A)|S|11 Gust 22|--|11|93|0.0|1014
6-DEC-2017|12:00|MULLINGAR(A)|S|12|RAIN SHOWER|10|93|0.3|1015
6-DEC-2017|12:00|NEWPORT MAYO(A)|S|12|--|12|89|0.0|1010
6-DEC-2017|12:00|OAK PARK CARLOW(A)|S|18 Gust 28|CLOUDY|11|87|0.0|1018
6-DEC-2017|12:00|PHOENIX PARK(A)|--|--|--|12|78|0.0|1016
6-DEC-2017|12:00|ROCHES POINT(A)|S|25 Gust 34|RAIN SHOWER|11|98|0.1|1018
6-DEC-2017|12:00|SHANNON AIRPORT|S|18|CLOUDY|13|82|0.0|1014
6-DEC-2017|12:00|SHERKIN ISLAND(A)|S|26|MIST|12|97|0.4|1016
6-DEC-2017|12:00|VALENTIA(A)|S|19 Gust 33|RECENT RAIN|13|96|0.4|1014
6-DEC-2017|13:00|ATHENRY GALWAY(A)|S|12|--|12|84|0.0|1012
6-DEC-2017|13:00|BALLYHAISE CAVAN(A)|S|13|RAIN SHOWER|11|93|0.2|1012
6-DEC-2017|13:00|BELMULLET(A)|S|28 Gust 36|RAIN SHOWER|12|97|0.3|1007
6-DEC-2017|13:00|CASEMENT AERODROME|SW|23 Gust 43|CLOUDY|11|85|0.0|1014
6-DEC-2017|13:00|CLAREMORRIS(A)|S|12|--|11|97|0.8|1011
6-DEC-2017|13:00|CORK AIRPORT|S|20 Gust 31|RAIN/DRIZZLE|10|100|1.0|1016
6-DEC-2017|13:00|DUBLIN AIRPORT|SW|15 Gust 33|CLOUDY|11|83|0.0|1015
6-DEC-2017|13:00|DUNSANY MEATH(A)|S|17 Gust 31|--|11|89|0.0|1015
6-DEC-2017|13:00|FINNER DONEGAL(A)|S|22 Gust 33|CLOUDY|12|84|0.0|1009
6-DEC-2017|13:00|GURTEEN TIPPERARY(A|S|20 Gust 31|CLOUDY|12|86|0.0|1013
6-DEC-2017|13:00|JOHNSTOWN CASTLE(A)|S|16 Gust 28|RAIN SHOWER|11|94|0.8|1019
6-DEC-2017|13:00|KNOCK AIRPORT(P)|S|16 Gust 32|RAIN/DRIZZLE|10|97|0.3|1010
6-DEC-2017|13:00|MACE HEAD GALWAY(A)|S|24|MIST|12|96|0.0|1010
6-DEC-2017|13:00|MALIN HEAD(A)|S|22 Gust 36|CLOUDY|11|85|0.0|1008
6-DEC-2017|13:00|MARKREE SLIGO(A)|--|--|--|11|94|0.1|1010
6-DEC-2017|13:00|MOOREPARK CORK(A)|S|12|--|11|92|0.4|1016
6-DEC-2017|13:00|MT DILLON ROSCOM(A)|S|13 Gust 25|--|12|87|0.0|1012
6-DEC-2017|13:00|MULLINGAR(A)|S|10 Gust 21|RECENT DRIZZLE|11|90|0.3|1014
6-DEC-2017|13:00|NEWPORT MAYO(A)|S|15|--|13|86|0.0|1009
6-DEC-2017|13:00|OAK PARK CARLOW(A)|S|19 Gust 29|CLOUDY|11|89|0.0|1016
6-DEC-2017|13:00|PHOENIX PARK(A)|--|--|--|12|80|0.0|1015
6-DEC-2017|13:00|ROCHES POINT(A)|S|26 Gust 34|LIGHT RAIN|11|99|0.7|1016
6-DEC-2017|13:00|SHANNON AIRPORT|S|11 Gust 23|CLOUDY|13|83|0.0|1013
6-DEC-2017|13:00|SHERKIN ISLAND(A)|S|25 Gust 36|MIST|12|97|0.2|1015
6-DEC-2017|13:00|VALENTIA(A)|S|17 Gust 29|RAIN SHOWER|13|97|Trace|1013
6-DEC-2017|14:00|ATHENRY GALWAY(A)|S|11 Gust 22|--|13|85|0.0|1010
6-DEC-2017|14:00|BALLYHAISE CAVAN(A)|S|11 Gust 24|RECENT DRIZZLE|11|89|0.1|1011
6-DEC-2017|14:00|BELMULLET(A)|S|28 Gust 38|MIST|12|97|0.0|1005
6-DEC-2017|14:00|CASEMENT AERODROME|SW|24 Gust 42|CLOUDY|11|86|0.0|1014
6-DEC-2017|14:00|CLAREMORRIS(A)|S|10 Gust 21|--|11|97|0.7|1009
6-DEC-2017|14:00|CORK AIRPORT|S|19 Gust 31|RAIN/DRIZZLE|11|100|0.6|1015
6-DEC-2017|14:00|DUBLIN AIRPORT|SW|15 Gust 28|CLOUDY|12|83|0.0|1014
6-DEC-2017|14:00|DUNSANY MEATH(A)|S|18 Gust 29|--|11|89|0.0|1013
6-DEC-2017|14:00|FINNER DONEGAL(A)|S|15 Gust 28|CLOUDY|13|84|0.0|1008
6-DEC-2017|14:00|GURTEEN TIPPERARY(A|S|17|CLOUDY|12|86|0.0|1012
6-DEC-2017|14:00|JOHNSTOWN CASTLE(A)|SW|16 Gust 30|RAIN SHOWER|10|95|0.5|1017
6-DEC-2017|14:00|KNOCK AIRPORT(P)|S|16 Gust 26|RAIN/DRIZZLE|10|97|0.4|1009
6-DEC-2017|14:00|MACE HEAD GALWAY(A)|S|25 Gust 34|RECENT DRIZZLE|12|97|0.2|1008
6-DEC-2017|14:00|MALIN HEAD(A)|S|21 Gust 35|CLOUDY|12|85|0.0|1007
6-DEC-2017|14:00|MARKREE SLIGO(A)|--|--|--|12|91|0.1|1009
6-DEC-2017|14:00|MOOREPARK CORK(A)|S|10 Gust 23|--|12|92|0.3|1014
6-DEC-2017|14:00|MT DILLON ROSCOM(A)|S|11 Gust 22|--|12|86|0.0|1011
6-DEC-2017|14:00|MULLINGAR(A)|S|13 Gust 23|CLOUDY|11|90|0.0|1012
6-DEC-2017|14:00|NEWPORT MAYO(A)|S|13 Gust 24|--|13|88|0.0|1007
6-DEC-2017|14:00|OAK PARK CARLOW(A)|S|17 Gust 29|CLOUDY|11|90|0.0|1015
6-DEC-2017|14:00|PHOENIX PARK(A)|--|--|--|12|79|0.0|1014
6-DEC-2017|14:00|ROCHES POINT(A)|S|26 Gust 35|LIGHT RAIN|11|99|0.4|1015
6-DEC-2017|14:00|SHANNON AIRPORT|S|12|CLOUDY|14|82|0.0|1012
6-DEC-2017|14:00|SHERKIN ISLAND(A)|S|26|MIST|12|97|0.1|1014
6-DEC-2017|14:00|VALENTIA(A)|S|17 Gust 34|RAIN SHOWER|13|97|0.2|1011
6-DEC-2017|15:00|ATHENRY GALWAY(A)|S|11|--|12|89|0.0|1009
6-DEC-2017|15:00|BALLYHAISE CAVAN(A)|S|14|CLOUDY|11|89|0.0|1009
6-DEC-2017|15:00|BELMULLET(A)|S|28 Gust 36|RAIN SHOWER|12|97|0.5|1004
6-DEC-2017|15:00|CASEMENT AERODROME|S|25 Gust 42|LIGHT DRIZZLE|11|87|Trace|1012
6-DEC-2017|15:00|CLAREMORRIS(A)|S|13|--|12|97|0.2|1007
6-DEC-2017|15:00|CORK AIRPORT|S|20 Gust 31|LIGHT DRIZZLE|11|100|0.7|1013
6-DEC-2017|15:00|DUBLIN AIRPORT|SW|19 Gust 33|CLOUDY|12|82|0.0|1013
6-DEC-2017|15:00|DUNSANY MEATH(A)|S|15 Gust 29|--|11|87|0.0|1012
6-DEC-2017|15:00|FINNER DONEGAL(A)|n/a|n/a|- n/a -|n/a|n/a|n/a|n/a
6-DEC-2017|15:00|GURTEEN TIPPERARY(A|S|15 Gust 30|CLOUDY|12|87|0.0|1011
6-DEC-2017|15:00|JOHNSTOWN CASTLE(A)|S|16 Gust 30|LIGHT RAIN|11|96|0.5|1016
6-DEC-2017|15:00|KNOCK AIRPORT(P)|S|17 Gust 29|RAIN/DRIZZLE|11|99|0.4|1007
6-DEC-2017|15:00|MACE HEAD GALWAY(A)|S|23 Gust 34|MODERATE RAIN|12|97|0.9|1007
6-DEC-2017|15:00|MALIN HEAD(A)|S|22 Gust 37|CLOUDY|12|85|0.0|1005
6-DEC-2017|15:00|MARKREE SLIGO(A)|--|--|--|12|91|0.0|1007
6-DEC-2017|15:00|MOOREPARK CORK(A)|S|09|--|12|93|0.3|1013
6-DEC-2017|15:00|MT DILLON ROSCOM(A)|S|12 Gust 23|--|12|85|0.0|1009
6-DEC-2017|15:00|MULLINGAR(A)|S|12|CLOUDY|11|89|0.0|1011
6-DEC-2017|15:00|NEWPORT MAYO(A)|S|19|--|13|87|0.1|1005
6-DEC-2017|15:00|OAK PARK CARLOW(A)|S|18 Gust 32|CLOUDY|11|90|0.0|1013
6-DEC-2017|15:00|PHOENIX PARK(A)|--|--|--|12|81|0.0|1013
6-DEC-2017|15:00|ROCHES POINT(A)|S|23|LIGHT RAIN|11|99|0.4|1013
6-DEC-2017|15:00|SHANNON AIRPORT|S|15|CLOUDY|13|86|0.0|1010
6-DEC-2017|15:00|SHERKIN ISLAND(A)|S|26|MIST|12|97|0.3|1012
6-DEC-2017|15:00|VALENTIA(A)|S|19 Gust 33|MIST|13|97|0.0|1010
6-DEC-2017|16:00|ATHENRY GALWAY(A)|S|10|--|12|92|0.0|1008
6-DEC-2017|16:00|BALLYHAISE CAVAN(A)|S|13 Gust 23|CLOUDY|12|89|0.0|1008
6-DEC-2017|16:00|BELMULLET(A)|S|26 Gust 36|RAIN SHOWER|12|96|0.4|1003
6-DEC-2017|16:00|CASEMENT AERODROME|SW|22 Gust 36|LIGHT DRIZZLE|12|87|Trace|1011
6-DEC-2017|16:00|CLAREMORRIS(A)|S|13 Gust 24|--|12|97|2.9|1006
6-DEC-2017|16:00|CORK AIRPORT|S|21 Gust 34|MOD. DRIZZLE|11|100|0.5|1012
6-DEC-2017|16:00|DUBLIN AIRPORT|SW|22 Gust 33|CLOUDY|12|84|0.0|1011
6-DEC-2017|16:00|DUNSANY MEATH(A)|S|17|--|11|89|0.0|1010
6-DEC-2017|16:00|FINNER DONEGAL(A)|S|15|CLOUDY|13|86|n/a|1005
6-DEC-2017|16:00|GURTEEN TIPPERARY(A|S|15|CLOUDY|13|88|0.0|1009
6-DEC-2017|16:00|JOHNSTOWN CASTLE(A)|S|17 Gust 32|MOD. DRIZZLE|11|97|0.9|1014
6-DEC-2017|16:00|KNOCK AIRPORT(P)|S|17 Gust 31|RAIN/DRIZZLE|11|97|0.7|1006
6-DEC-2017|16:00|MACE HEAD GALWAY(A)|S|24|MODERATE RAIN|12|97|3.9|1005
6-DEC-2017|16:00|MALIN HEAD(A)|S|24 Gust 36|CLOUDY|12|86|0.0|1003
6-DEC-2017|16:00|MARKREE SLIGO(A)|--|--|--|12|92|0.0|1006
6-DEC-2017|16:00|MOOREPARK CORK(A)|S|10 Gust 22|--|12|92|0.4|1012
6-DEC-2017|16:00|MT DILLON ROSCOM(A)|S|12|--|12|86|0.0|1008
6-DEC-2017|16:00|MULLINGAR(A)|S|13 Gust 24|CLOUDY|12|89|0.0|1009
6-DEC-2017|16:00|NEWPORT MAYO(A)|S|13 Gust 29|--|13|93|1.2|1004
6-DEC-2017|16:00|OAK PARK CARLOW(A)|S|18 Gust 30|CLOUDY|11|90|0.0|1012
6-DEC-2017|16:00|PHOENIX PARK(A)|--|--|--|12|82|0.0|1011
6-DEC-2017|16:00|ROCHES POINT(A)|S|23|RAIN SHOWER|11|99|0.4|1012
6-DEC-2017|16:00|SHANNON AIRPORT|SE|09|CLOUDY|13|89|0.0|1009
6-DEC-2017|16:00|SHERKIN ISLAND(A)|S|25|MIST|12|97|0.0|1011
6-DEC-2017|16:00|VALENTIA(A)|S|19 Gust 31|HVY RAIN SHOWER|13|96|2.2|1009
6-DEC-2017|17:00|ATHENRY GALWAY(A)|S|10|--|12|94|0.1|1006
6-DEC-2017|17:00|BALLYHAISE CAVAN(A)|S|10 Gust 23|CLOUDY|12|89|0.0|1007
6-DEC-2017|17:00|BELMULLET(A)|S|24 Gust 37|RAIN SHOWER|12|95|Trace|1002
6-DEC-2017|17:00|CASEMENT AERODROME|S|24 Gust 37|RECENT DRIZZLE|12|88|Trace|1009
6-DEC-2017|17:00|CLAREMORRIS(A)|S|14|--|12|97|3.5|1005
6-DEC-2017|17:00|CORK AIRPORT|SW|20 Gust 33|MOD. DRIZZLE|11|100|0.4|1011
6-DEC-2017|17:00|DUBLIN AIRPORT|S|18 Gust 33|CLOUDY|12|84|0.0|1010
6-DEC-2017|17:00|DUNSANY MEATH(A)|S|17|--|11|91|0.0|1009
6-DEC-2017|17:00|FINNER DONEGAL(A)|S|22 Gust 35|RAIN SHOWER|14|83|Trace|1003
6-DEC-2017|17:00|GURTEEN TIPPERARY(A|S|15|CLOUDY|13|88|0.0|1008
6-DEC-2017|17:00|JOHNSTOWN CASTLE(A)|S|16 Gust 29|RAIN SHOWER|11|97|0.2|1013
6-DEC-2017|17:00|KNOCK AIRPORT(P)|S|17 Gust 29|RAIN/DRIZZLE|11|99|2.3|1004
6-DEC-2017|17:00|MACE HEAD GALWAY(A)|S|27 Gust 36|RAIN SHOWER|12|97|0.8|1004
6-DEC-2017|17:00|MALIN HEAD(A)|S|24 Gust 36|CLOUDY|12|86|0.0|1002
6-DEC-2017|17:00|MARKREE SLIGO(A)|--|--|--|13|92|0.9|1004
6-DEC-2017|17:00|MOOREPARK CORK(A)|S|12|--|13|93|0.7|1011
6-DEC-2017|17:00|MT DILLON ROSCOM(A)|S|11|--|12|91|0.0|1007
6-DEC-2017|17:00|MULLINGAR(A)|S|13 Gust 25|CLOUDY|12|90|0.0|1008
6-DEC-2017|17:00|NEWPORT MAYO(A)|SW|17 Gust 39|--|14|90|0.3|1003
6-DEC-2017|17:00|OAK PARK CARLOW(A)|S|20 Gust 31|CLOUDY|12|92|0.0|1011
6-DEC-2017|17:00|PHOENIX PARK(A)|--|--|--|13|82|0.0|1010
6-DEC-2017|17:00|ROCHES POINT(A)|S|22 Gust 32|RECENT RAIN|11|99|0.1|1011
6-DEC-2017|17:00|SHANNON AIRPORT|S|11|LIGHT RAIN|14|87|0.4|1008
6-DEC-2017|17:00|SHERKIN ISLAND(A)|S|28 Gust 34|MIST|12|96|0.0|1010
6-DEC-2017|17:00|VALENTIA(A)|S|21 Gust 32|RECENT RAIN|13|96|3.6|1008
6-DEC-2017|18:00|ATHENRY GALWAY(A)|S|09 Gust 23|--|13|95|3.6|1005
6-DEC-2017|18:00|BALLYHAISE CAVAN(A)|S|13|RAIN SHOWER|12|92|0.2|1005
6-DEC-2017|18:00|BELMULLET(A)|SW|29 Gust 40|RECENT RAIN|13|88|0.2|1000
6-DEC-2017|18:00|CASEMENT AERODROME|SW|21|MIST|12|91|0.0|1009
6-DEC-2017|18:00|CLAREMORRIS(A)|S|15 Gust 27|--|13|97|2.1|1003
6-DEC-2017|18:00|CORK AIRPORT|S|19 Gust 35|LIGHT DRIZZLE|12|100|0.1|1010
6-DEC-2017|18:00|DUBLIN AIRPORT|S|19 Gust 33|CLOUDY|12|87|0.0|1009
6-DEC-2017|18:00|DUNSANY MEATH(A)|S|16 Gust 29|--|12|91|0.0|1008
6-DEC-2017|18:00|FINNER DONEGAL(A)|S|19 Gust 33|RAIN SHOWER|13|88|Trace|1002
6-DEC-2017|18:00|GURTEEN TIPPERARY(A|S|17|LIGHT RAIN|13|88|0.3|1007
6-DEC-2017|18:00|JOHNSTOWN CASTLE(A)|S|18 Gust 31|RAIN SHOWER|12|97|0.3|1012
6-DEC-2017|18:00|KNOCK AIRPORT(P)|S|19 Gust 30|RAIN/DRIZZLE|11|100|1.2|1003
6-DEC-2017|18:00|MACE HEAD GALWAY(A)|S|27 Gust 35|RAIN SHOWER|12|97|0.3|1003
6-DEC-2017|18:00|MALIN HEAD(A)|S|23 Gust 37|CLOUDY|12|86|0.0|1001
6-DEC-2017|18:00|MARKREE SLIGO(A)|--|--|--|13|89|0.5|1003
6-DEC-2017|18:00|MOOREPARK CORK(A)|S|12 Gust 23|--|13|94|0.3|1009
6-DEC-2017|18:00|MT DILLON ROSCOM(A)|S|13|--|12|94|1.2|1005
6-DEC-2017|18:00|MULLINGAR(A)|S|13|CLOUDY|12|89|0.0|1007
6-DEC-2017|18:00|NEWPORT MAYO(A)|S|22 Gust 41|--|13|91|0.0|1002
6-DEC-2017|18:00|OAK PARK CARLOW(A)|S|18 Gust 34|RAIN SHOWER|12|92|Trace|1010
6-DEC-2017|18:00|PHOENIX PARK(A)|--|--|--|13|86|0.0|1009
6-DEC-2017|18:00|ROCHES POINT(A)|S|21|MIST|12|99|0.0|1010
6-DEC-2017|18:00|SHANNON AIRPORT|S|14|LIGHT RAIN|13|94|3.5|1006
6-DEC-2017|18:00|SHERKIN ISLAND(A)|S|30 Gust 37|MIST|13|95|0.1|1009
6-DEC-2017|18:00|VALENTIA(A)|SW|21 Gust 35|RAIN SHOWER|14|96|0.4|1006
6-DEC-2017|19:00|ATHENRY GALWAY(A)|S|13|--|13|96|1.0|1004
6-DEC-2017|19:00|BALLYHAISE CAVAN(A)|S|13 Gust 24|RAIN SHOWER|12|92|1.0|1003
6-DEC-2017|19:00|BELMULLET(A)|SW|29 Gust 45|MOD. DRIZZLE|13|90|0.1|999
6-DEC-2017|19:00|CASEMENT AERODROME|S|24 Gust 34|RECENT RAIN|12|91|Trace|1007
6-DEC-2017|19:00|CLAREMORRIS(A)|S|16 Gust 27|--|13|97|1.3|1002
6-DEC-2017|19:00|CORK AIRPORT|SW|22 Gust 35|RAIN/DRIZZLE|12|100|0.8|1008
6-DEC-2017|19:00|DUBLIN AIRPORT|SW|19 Gust 33|CLOUDY|13|86|0.0|1008
6-DEC-2017|19:00|DUNSANY MEATH(A)|S|14 Gust 24|--|12|89|0.0|1007
6-DEC-2017|19:00|FINNER DONEGAL(A)|S|18 Gust 35|RECENT RAIN|14|88|Trace|1001
6-DEC-2017|19:00|GURTEEN TIPPERARY(A|S|15|RECENT RAIN|13|91|1.9|1006
6-DEC-2017|19:00|JOHNSTOWN CASTLE(A)|S|16 Gust 36|RAIN SHOWER|12|97|0.2|1011
6-DEC-2017|19:00|KNOCK AIRPORT(P)|S|16 Gust 30|RAIN/DRIZZLE|12|99|1.5|1002
6-DEC-2017|19:00|MACE HEAD GALWAY(A)|S|22 Gust 33|RECENT RAIN|12|97|0.2|1002
6-DEC-2017|19:00|MALIN HEAD(A)|S|22|RAIN SHOWER|13|88|Trace|999
6-DEC-2017|19:00|MARKREE SLIGO(A)|--|--|--|13|94|0.3|1002
6-DEC-2017|19:00|MOOREPARK CORK(A)|S|12 Gust 26|--|13|91|1.0|1008
6-DEC-2017|19:00|MT DILLON ROSCOM(A)|S|13 Gust 23|--|12|96|1.8|1004
6-DEC-2017|19:00|MULLINGAR(A)|S|12|MODERATE RAIN|12|94|1.4|1005
6-DEC-2017|19:00|NEWPORT MAYO(A)|S|24|--|13|89|0.0|1001
6-DEC-2017|19:00|OAK PARK CARLOW(A)|S|17|CLOUDY|12|92|0.0|1008
6-DEC-2017|19:00|PHOENIX PARK(A)|--|--|--|13|86|0.0|1008
6-DEC-2017|19:00|ROCHES POINT(A)|S|25|RAIN SHOWER|12|99|0.4|1009
6-DEC-2017|19:00|SHANNON AIRPORT|S|12|RECENT RAIN|13|96|0.1|1005
6-DEC-2017|19:00|SHERKIN ISLAND(A)|S|26 Gust 35|RAIN SHOWER|12|96|0.8|1008
6-DEC-2017|19:00|VALENTIA(A)|SW|24 Gust 37|RECENT RAIN|14|94|0.8|1006
6-DEC-2017|20:00|ATHENRY GALWAY(A)|S|11|--|13|96|1.6|1003
6-DEC-2017|20:00|BALLYHAISE CAVAN(A)|S|13|RAIN SHOWER|12|93|0.4|1002
6-DEC-2017|20:00|BELMULLET(A)|SW|28 Gust 43|RAIN SHOWER|13|95|0.6|999
6-DEC-2017|20:00|CASEMENT AERODROME|SW|24 Gust 34|CLOUDY|13|88|0.0|1006
6-DEC-2017|20:00|CLAREMORRIS(A)|S|17 Gust 27|--|13|97|0.9|1001
6-DEC-2017|20:00|CORK AIRPORT|SW|22 Gust 36|LIGHT RAIN|12|100|1.7|1007
6-DEC-2017|20:00|DUBLIN AIRPORT|S|19 Gust 30|CLOUDY|13|83|0.0|1006
6-DEC-2017|20:00|DUNSANY MEATH(A)|S|14 Gust 25|--|12|88|0.1|1005
6-DEC-2017|20:00|FINNER DONEGAL(A)|S|17 Gust 31|CLOUDY|14|88|0.0|1000
6-DEC-2017|20:00|GURTEEN TIPPERARY(A|S|14|RECENT RAIN|13|91|0.1|1005
6-DEC-2017|20:00|JOHNSTOWN CASTLE(A)|S|17 Gust 30|RECENT DRIZZLE|12|97|0.1|1010
6-DEC-2017|20:00|KNOCK AIRPORT(P)|SW|19 Gust 31|- n/a -|12|99|0.4|1001
6-DEC-2017|20:00|MACE HEAD GALWAY(A)|SW|25|MIST|12|97|0.0|1001
6-DEC-2017|20:00|MALIN HEAD(A)|S|22 Gust 40|RECENT DRIZZLE|12|89|0.1|998
6-DEC-2017|20:00|MARKREE SLIGO(A)|--|--|--|13|94|0.2|1001
6-DEC-2017|20:00|MOOREPARK CORK(A)|S|15 Gust 28|--|14|90|0.5|1007
6-DEC-2017|20:00|MT DILLON ROSCOM(A)|S|13|--|13|95|0.3|1003
6-DEC-2017|20:00|MULLINGAR(A)|S|12|RAIN SHOWER|12|94|1.0|1004
6-DEC-2017|20:00|NEWPORT MAYO(A)|SW|22 Gust 32|--|13|93|0.1|1000
6-DEC-2017|20:00|OAK PARK CARLOW(A)|S|16 Gust 29|MOD. DRIZZLE|12|95|Trace|1007
6-DEC-2017|20:00|PHOENIX PARK(A)|--|--|--|13|83|0.0|1006
6-DEC-2017|20:00|ROCHES POINT(A)|SW|28 Gust 36|HVY RAIN SHOWER|12|99|1.8|1008
6-DEC-2017|20:00|SHANNON AIRPORT|S|11|RAIN/DRIZZLE|13|96|0.4|1004
6-DEC-2017|20:00|SHERKIN ISLAND(A)|SW|23 Gust 36|RECENT DRIZZLE|12|96|0.5|1007
6-DEC-2017|20:00|VALENTIA(A)|SW|22 Gust 33|RECENT DRIZZLE|14|94|0.2|1005
6-DEC-2017|21:00|ATHENRY GALWAY(A)|S|12|--|13|96|1.5|1002
6-DEC-2017|21:00|BALLYHAISE CAVAN(A)|SW|13 Gust 26|RAIN SHOWER|13|93|0.4|1001
6-DEC-2017|21:00|BELMULLET(A)|SW|25 Gust 38|RAIN SHOWER|12|95|Trace|998
6-DEC-2017|21:00|CASEMENT AERODROME|S|25 Gust 37|MODERATE RAIN|13|92|2.2|1004
6-DEC-2017|21:00|CLAREMORRIS(A)|SW|17 Gust 30|--|13|96|0.9|1000
6-DEC-2017|21:00|CORK AIRPORT|SW|20 Gust 32|LIGHT RAIN|12|100|1.7|1006
6-DEC-2017|21:00|DUBLIN AIRPORT|S|18 Gust 35|LIGHT RAIN|13|91|1.0|1005
6-DEC-2017|21:00|DUNSANY MEATH(A)|S|16 Gust 27|--|13|91|0.0|1004
6-DEC-2017|21:00|FINNER DONEGAL(A)|SW|21 Gust 33|RAIN SHOWER|14|88|Trace|999
6-DEC-2017|21:00|GURTEEN TIPPERARY(A|S|16|RECENT DRIZZLE|14|90|0.1|1003
6-DEC-2017|21:00|JOHNSTOWN CASTLE(A)|S|19 Gust 32|RECENT RAIN|12|97|0.2|1009
6-DEC-2017|21:00|KNOCK AIRPORT(P)|SW|20 Gust 34|- n/a -|12|99|0.2|1000
6-DEC-2017|21:00|MACE HEAD GALWAY(A)|SW|25|LIGHT RAIN|12|97|Trace|1000
6-DEC-2017|21:00|MALIN HEAD(A)|S|21 Gust 32|RAIN SHOWER|12|93|0.2|996
6-DEC-2017|21:00|MARKREE SLIGO(A)|--|--|--|13|91|0.2|1000
6-DEC-2017|21:00|MOOREPARK CORK(A)|S|12 Gust 25|--|14|91|0.4|1006
6-DEC-2017|21:00|MT DILLON ROSCOM(A)|S|13|--|13|97|0.9|1001
6-DEC-2017|21:00|MULLINGAR(A)|S|13|RAIN SHOWER|12|93|0.2|1003
6-DEC-2017|21:00|NEWPORT MAYO(A)|SW|18 Gust 31|--|13|94|0.1|999
6-DEC-2017|21:00|OAK PARK CARLOW(A)|S|17|RAIN SHOWER|12|95|1.1|1006
6-DEC-2017|21:00|PHOENIX PARK(A)|--|--|--|13|90|1.2|1005
6-DEC-2017|21:00|ROCHES POINT(A)|S|26 Gust 34|LIGHT RAIN|12|99|2.0|1006
6-DEC-2017|21:00|SHANNON AIRPORT|S|11|RAIN/DRIZZLE|13|97|0.2|1004
6-DEC-2017|21:00|SHERKIN ISLAND(A)|SW|24|RECENT DRIZZLE|13|97|0.3|1006
6-DEC-2017|21:00|VALENTIA(A)|SW|19 Gust 30|RAIN SHOWER|13|94|0.2|1004
6-DEC-2017|22:00|ATHENRY GALWAY(A)|SW|12 Gust 23|--|13|89|0.0|1001
6-DEC-2017|22:00|BALLYHAISE CAVAN(A)|S|11 Gust 25|MOD RAIN SHOWER|13|95|1.4|1000
6-DEC-2017|22:00|BELMULLET(A)|SW|21 Gust 33|LIGHT RAIN|12|97|1.6|998
6-DEC-2017|22:00|CASEMENT AERODROME|SW|22 Gust 33|LIGHT RAIN|13|92|0.7|1003
6-DEC-2017|22:00|CLAREMORRIS(A)|SW|16 Gust 32|--|13|96|0.5|1000
6-DEC-2017|22:00|CORK AIRPORT|SW|24 Gust 37|LIGHT RAIN|12|100|1.1|1005
6-DEC-2017|22:00|DUBLIN AIRPORT|S|20 Gust 31|RECENT RAIN|13|90|0.2|1003
6-DEC-2017|22:00|DUNSANY MEATH(A)|S|16 Gust 29|--|13|90|0.0|1003
6-DEC-2017|22:00|FINNER DONEGAL(A)|SW|18 Gust 31|RAIN SHOWER|13|93|0.6|998
6-DEC-2017|22:00|GURTEEN TIPPERARY(A|S|15|RECENT RAIN|14|89|0.2|1003
6-DEC-2017|22:00|JOHNSTOWN CASTLE(A)|SW|18 Gust 34|RAIN SHOWER|12|97|0.9|1007
6-DEC-2017|22:00|KNOCK AIRPORT(P)|SW|18 Gust 30|- n/a -|12|99|0.2|1000
6-DEC-2017|22:00|MACE HEAD GALWAY(A)|SW|24|RAIN SHOWER|12|95|0.1|1000
6-DEC-2017|22:00|MALIN HEAD(A)|S|22 Gust 34|RAIN SHOWER|12|92|0.5|995
6-DEC-2017|22:00|MARKREE SLIGO(A)|--|--|--|13|91|0.1|999
6-DEC-2017|22:00|MOOREPARK CORK(A)|S|10 Gust 21|--|14|92|0.5|1005
6-DEC-2017|22:00|MT DILLON ROSCOM(A)|SW|11 Gust 22|--|13|96|1.3|1001
6-DEC-2017|22:00|MULLINGAR(A)|S|09 Gust 21|RAIN SHOWER|13|94|0.4|1002
6-DEC-2017|22:00|NEWPORT MAYO(A)|SW|17 Gust 30|--|12|96|0.7|999
6-DEC-2017|22:00|OAK PARK CARLOW(A)|S|18|CLOUDY|13|94|0.0|1005
6-DEC-2017|22:00|PHOENIX PARK(A)|--|--|--|13|91|0.8|1004
6-DEC-2017|22:00|ROCHES POINT(A)|SW|29 Gust 37|LIGHT RAIN|12|98|1.4|1005
6-DEC-2017|22:00|SHANNON AIRPORT|SW|15|LIGHT DRIZZLE|13|94|0.2|1003
6-DEC-2017|22:00|SHERKIN ISLAND(A)|SW|20 Gust 34|RECENT DRIZZLE|12|95|0.2|1005
6-DEC-2017|22:00|VALENTIA(A)|SW|19 Gust 32|LIGHT RAIN|13|92|0.2|1003
6-DEC-2017|23:00|ATHENRY GALWAY(A)|SW|11 Gust 24|--|13|95|0.0|1000
6-DEC-2017|23:00|BALLYHAISE CAVAN(A)|SW|15 Gust 28|RECENT RAIN|13|90|0.2|999
6-DEC-2017|23:00|BELMULLET(A)|NW|16 Gust 34|MODERATE RAIN|10|95|2.2|999
6-DEC-2017|23:00|CASEMENT AERODROME|SW|22 Gust 35|RECENT RAIN|13|89|Trace|1002
6-DEC-2017|23:00|CLAREMORRIS(A)|SW|14 Gust 26|--|12|97|1.5|999
6-DEC-2017|23:00|CORK AIRPORT|SW|21 Gust 39|LIGHT RAIN|12|100|Trace|1004
6-DEC-2017|23:00|DUBLIN AIRPORT|SW|17 Gust 31|RECENT RAIN|13|87|0.1|1002
6-DEC-2017|23:00|DUNSANY MEATH(A)|S|16 Gust 27|--|13|89|0.0|1001
6-DEC-2017|23:00|FINNER DONEGAL(A)|SW|14|LIGHT RAIN|13|95|1.8|997
6-DEC-2017|23:00|GURTEEN TIPPERARY(A|S|13 Gust 26|RAIN SHOWER|13|94|0.3|1002
6-DEC-2017|23:00|JOHNSTOWN CASTLE(A)|S|18 Gust 38|RAIN SHOWER|12|98|1.5|1006
6-DEC-2017|23:00|KNOCK AIRPORT(P)|SW|16 Gust 30|- n/a -|12|99|1.3|999
6-DEC-2017|23:00|MACE HEAD GALWAY(A)|SW|20|MODERATE RAIN|12|97|3.7|1000
6-DEC-2017|23:00|MALIN HEAD(A)|SW|23 Gust 33|MODERATE RAIN|12|94|2.5|994
6-DEC-2017|23:00|MARKREE SLIGO(A)|--|--|--|13|92|0.3|998
6-DEC-2017|23:00|MOOREPARK CORK(A)|SW|11 Gust 24|--|14|88|0.2|1004
6-DEC-2017|23:00|MT DILLON ROSCOM(A)|S|10|--|13|93|0.0|1000
6-DEC-2017|23:00|MULLINGAR(A)|SW|11|MOD. DRIZZLE|13|96|0.5|1001
6-DEC-2017|23:00|NEWPORT MAYO(A)|SW|10 Gust 30|--|12|97|3.1|999
6-DEC-2017|23:00|OAK PARK CARLOW(A)|S|18 Gust 29|CLOUDY|13|94|0.1|1003
6-DEC-2017|23:00|PHOENIX PARK(A)|--|--|--|14|87|0.0|1002
6-DEC-2017|23:00|ROCHES POINT(A)|SW|24 Gust 37|RAIN SHOWER|12|98|1.2|1005
6-DEC-2017|23:00|SHANNON AIRPORT|S|10|LIGHT RAIN|13|95|0.2|1002
6-DEC-2017|23:00|SHERKIN ISLAND(A)|SW|21 Gust 31|MIST|13|92|0.0|1004
6-DEC-2017|23:00|VALENTIA(A)|SW|20|LIGHT RAIN|13|94|2.6|1002
7-DEC-2017|00:00|ATHENRY GALWAY(A)|SW|09|--|13|95|4.4|1000
7-DEC-2017|00:00|BALLYHAISE CAVAN(A)|SW|14 Gust 25|RAIN SHOWER|13|94|0.3|999
7-DEC-2017|00:00|BELMULLET(A)|NW|17|RECENT RAIN|9|90|0.7|1001
7-DEC-2017|00:00|CASEMENT AERODROME|SW|19 Gust 36|LIGHT RAIN|13|91|Trace|1001
7-DEC-2017|00:00|CLAREMORRIS(A)|SW|13 Gust 23|--|12|97|4.2|1000
7-DEC-2017|00:00|CORK AIRPORT|SW|21 Gust 34|LIGHT RAIN|12|100|0.2|1003
7-DEC-2017|00:00|DUBLIN AIRPORT|SW|19 Gust 31|CLOUDY|13|88|0.0|1001
7-DEC-2017|00:00|DUNSANY MEATH(A)|S|12 Gust 24|--|13|95|0.3|1001
7-DEC-2017|00:00|FINNER DONEGAL(A)|W|19 Gust 34|MODERATE RAIN|11|96|4.3|998
7-DEC-2017|00:00|GURTEEN TIPPERARY(A|SW|15|RAIN SHOWER|13|92|Trace|1001
7-DEC-2017|00:00|JOHNSTOWN CASTLE(A)|SW|20 Gust 39|RAIN SHOWER|12|97|1.0|1005
7-DEC-2017|00:00|KNOCK AIRPORT(P)|SW|14 Gust 28|- n/a -|11|99|4.2|1000
7-DEC-2017|00:00|MACE HEAD GALWAY(A)|SW|18|LIGHT RAIN|12|97|2.3|999
7-DEC-2017|00:00|MALIN HEAD(A)|NW|25 Gust 40|LIGHT RAIN|9|93|2.3|996
7-DEC-2017|00:00|MARKREE SLIGO(A)|--|--|--|13|95|3.7|999
7-DEC-2017|00:00|MOOREPARK CORK(A)|S|11|--|13|92|0.1|1003
7-DEC-2017|00:00|MT DILLON ROSCOM(A)|SW|10|--|13|97|0.9|1000
7-DEC-2017|00:00|MULLINGAR(A)|SW|10|RAIN SHOWER|13|95|0.1|1000
7-DEC-2017|00:00|NEWPORT MAYO(A)|NW|23|--|10|92|4.7|1000
7-DEC-2017|00:00|OAK PARK CARLOW(A)|S|16|CLOUDY|13|93|0.0|1003
7-DEC-2017|00:00|PHOENIX PARK(A)|--|--|--|14|87|0.0|1002
7-DEC-2017|00:00|ROCHES POINT(A)|SW|26|RAIN SHOWER|12|97|0.1|1004
7-DEC-2017|00:00|SHANNON AIRPORT|S|09|LIGHT RAIN|13|95|1.7|1001
7-DEC-2017|00:00|SHERKIN ISLAND(A)|SW|22|MOD. DRIZZLE|12|97|1.4|1003
7-DEC-2017|00:00|VALENTIA(A)|SW|15 Gust 29|HEAVY DRIZZLE|13|96|3.6|1001
7-DEC-2017|01:00|ATHENRY GALWAY(A)|SW|09|--|12|95|3.1|1000
7-DEC-2017|01:00|BALLYHAISE CAVAN(A)|W|15 Gust 30|MODERATE RAIN|13|95|2.3|998
7-DEC-2017|01:00|BELMULLET(A)|NW|19|CLOUDY|8|77|0.0|1003
7-DEC-2017|01:00|CASEMENT AERODROME|SW|21 Gust 33|LIGHT RAIN|13|89|Trace|1000
7-DEC-2017|01:00|CLAREMORRIS(A)|N|13 Gust 30|--|9|94|3.5|1001
7-DEC-2017|01:00|CORK AIRPORT|SW|20 Gust 30|LIGHT RAIN|12|100|1.5|1002
7-DEC-2017|01:00|DUBLIN AIRPORT|SW|19 Gust 32|CLOUDY|14|84|0.0|1000
7-DEC-2017|01:00|DUNSANY MEATH(A)|SW|16|--|13|91|0.1|1000
7-DEC-2017|01:00|FINNER DONEGAL(A)|W|20|LIGHT RAIN|9|91|1.2|1000
7-DEC-2017|01:00|GURTEEN TIPPERARY(A|SW|11|MODERATE RAIN|13|96|2.6|1001
7-DEC-2017|01:00|JOHNSTOWN CASTLE(A)|SW|17 Gust 34|RECENT RAIN|12|97|0.1|1004
7-DEC-2017|01:00|KNOCK AIRPORT(P)|NW|20 Gust 34|- n/a -|8|99|3.4|1001
7-DEC-2017|01:00|MACE HEAD GALWAY(A)|NW|27 Gust 41|RECENT RAIN|9|93|0.2|1002
7-DEC-2017|01:00|MALIN HEAD(A)|W|20 Gust 35|RECENT RAIN|9|86|0.6|997
7-DEC-2017|01:00|MARKREE SLIGO(A)|--|--|--|8|96|1.9|1001
7-DEC-2017|01:00|MOOREPARK CORK(A)|SW|08|--|13|91|0.4|1002
7-DEC-2017|01:00|MT DILLON ROSCOM(A)|SW|08|--|13|97|3.5|1000
7-DEC-2017|01:00|MULLINGAR(A)|SW|08|MODERATE RAIN|13|96|2.2|1000
7-DEC-2017|01:00|NEWPORT MAYO(A)|N|28 Gust 40|--|9|80|0.3|1001
7-DEC-2017|01:00|OAK PARK CARLOW(A)|S|12|MOD. DRIZZLE|13|93|0.1|1002
7-DEC-2017|01:00|PHOENIX PARK(A)|--|--|--|14|84|0.0|1001
7-DEC-2017|01:00|ROCHES POINT(A)|SW|24|LIGHT RAIN|12|98|1.1|1003
7-DEC-2017|01:00|SHANNON AIRPORT|SW|07|RAIN/DRIZZLE|12|97|2.0|1001
7-DEC-2017|01:00|SHERKIN ISLAND(A)|SW|20 Gust 33|MOD. DRIZZLE|12|95|1.5|1002
7-DEC-2017|01:00|VALENTIA(A)|W|15|LIGHT DRIZZLE|12|97|1.0|1002
7-DEC-2017|02:00|ATHENRY GALWAY(A)|NW|22|--|9|87|0.5|1003
7-DEC-2017|02:00|BALLYHAISE CAVAN(A)|NW|09 Gust 26|MODERATE RAIN|9|97|2.2|1000
7-DEC-2017|02:00|BELMULLET(A)|NW|22 Gust 34|- n/a -|7|n/a|0.0|1005
7-DEC-2017|02:00|CASEMENT AERODROME|SW|17 Gust 30|LIGHT RAIN|13|94|1.5|1000
7-DEC-2017|02:00|CLAREMORRIS(A)|NW|17 Gust 28|--|7|87|0.1|1004
7-DEC-2017|02:00|CORK AIRPORT|SW|15 Gust 29|LIGHT RAIN|12|100|1.3|1002
7-DEC-2017|02:00|DUBLIN AIRPORT|SW|18 Gust 30|MODERATE RAIN|13|93|1.1|1000
7-DEC-2017|02:00|DUNSANY MEATH(A)|SW|14 Gust 25|--|13|95|2.2|1000
7-DEC-2017|02:00|FINNER DONEGAL(A)|NW|24 Gust 34|MIST|8|72|0.0|1002
7-DEC-2017|02:00|GURTEEN TIPPERARY(A|SW|08|LIGHT RAIN|12|97|2.0|1001
7-DEC-2017|02:00|JOHNSTOWN CASTLE(A)|SW|18 Gust 29|RAIN SHOWER|12|97|0.4|1003
7-DEC-2017|02:00|KNOCK AIRPORT(P)|NW|21 Gust 36|- n/a -|6|91|0.0|1004
7-DEC-2017|02:00|MACE HEAD GALWAY(A)|NW|29 Gust 42|CLOUDY|8|73|0.0|1005
7-DEC-2017|02:00|MALIN HEAD(A)|W|27 Gust 39|CLOUDY|8|68|0.0|999
7-DEC-2017|02:00|MARKREE SLIGO(A)|--|--|--|8|77|0.2|1002
7-DEC-2017|02:00|MOOREPARK CORK(A)|SW|08|--|13|91|0.8|1002
7-DEC-2017|02:00|MT DILLON ROSCOM(A)|NW|17 Gust 31|--|9|93|1.0|1002
7-DEC-2017|02:00|MULLINGAR(A)|SW|07|MODERATE RAIN|12|97|2.8|1000
7-DEC-2017|02:00|NEWPORT MAYO(A)|N|23 Gust 41|--|8|66|0.0|1004
7-DEC-2017|02:00|OAK PARK CARLOW(A)|S|11|MOD. DRIZZLE|12|95|0.9|1001
7-DEC-2017|02:00|PHOENIX PARK(A)|--|--|--|13|93|1.4|1000
7-DEC-2017|02:00|ROCHES POINT(A)|SW|22|MOD. DRIZZLE|12|99|1.4|1002
7-DEC-2017|02:00|SHANNON AIRPORT|W|17 Gust 33|LIGHT RAIN|12|97|1.4|1002
7-DEC-2017|02:00|SHERKIN ISLAND(A)|W|19 Gust 31|RECENT DRIZZLE|12|97|0.4|1002
7-DEC-2017|02:00|VALENTIA(A)|N|22 Gust 37|RECENT RAIN|10|88|0.2|1005
7-DEC-2017|03:00|ATHENRY GALWAY(A)|NW|17 Gust 34|--|8|82|0.0|1005
7-DEC-2017|03:00|BALLYHAISE CAVAN(A)|NW|11 Gust 27|RECENT DRIZZLE|7|88|0.1|1003
7-DEC-2017|03:00|BELMULLET(A)|NW|23 Gust 34|- n/a -|8|n/a|0.0|1006
7-DEC-2017|03:00|CASEMENT AERODROME|SW|18|MODERATE RAIN|13|94|2.4|1000
7-DEC-2017|03:00|CLAREMORRIS(A)|NW|07 Gust 26|--|6|76|0.0|1006
7-DEC-2017|03:00|CORK AIRPORT|W|12|RECENT RAIN|12|100|0.3|1003
7-DEC-2017|03:00|DUBLIN AIRPORT|SW|13 Gust 23|LIGHT RAIN|12|96|1.9|1000
7-DEC-2017|03:00|DUNSANY MEATH(A)|SW|14|--|13|95|1.0|1000
7-DEC-2017|03:00|FINNER DONEGAL(A)|W|23 Gust 34|CLOUDY|8|61|0.1|1004
7-DEC-2017|03:00|GURTEEN TIPPERARY(A|NW|19 Gust 37|LIGHT RAIN|9|92|1.6|1004
7-DEC-2017|03:00|JOHNSTOWN CASTLE(A)|SW|14 Gust 30|MODERATE RAIN|12|97|2.4|1003
7-DEC-2017|03:00|KNOCK AIRPORT(P)|NW|26 Gust 46|- n/a -|6|74|0.0|1005
7-DEC-2017|03:00|MACE HEAD GALWAY(A)|NW|27 Gust 37|CLOUDY|8|69|0.0|1007
7-DEC-2017|03:00|MALIN HEAD(A)|W|29 Gust 42|FAIR|8|62|0.0|999
7-DEC-2017|03:00|MARKREE SLIGO(A)|--|--|--|8|62|0.0|1004
7-DEC-2017|03:00|MOOREPARK CORK(A)|W|06|--|13|95|0.9|1003
7-DEC-2017|03:00|MT DILLON ROSCOM(A)|NW|18 Gust 30|--|8|80|0.0|1004
7-DEC-2017|03:00|MULLINGAR(A)|NW|12 Gust 26|RECENT RAIN|8|90|1.8|1003
7-DEC-2017|03:00|NEWPORT MAYO(A)|NW|01 Gust 31|--|7|65|0.0|1007
7-DEC-2017|03:00|OAK PARK CARLOW(A)|S|08|LIGHT RAIN|12|96|1.3|1001
7-DEC-2017|03:00|PHOENIX PARK(A)|--|--|--|13|94|1.8|1000
7-DEC-2017|03:00|ROCHES POINT(A)|W|14 Gust 24|RAIN SHOWER|12|100|0.6|1003
7-DEC-2017|03:00|SHANNON AIRPORT|NW|20 Gust 34|RECENT RAIN|9|85|Trace|1005
7-DEC-2017|03:00|SHERKIN ISLAND(A)|N|21 Gust 33|CLOUDY|12|83|0.0|1005
7-DEC-2017|03:00|VALENTIA(A)|N|19 Gust 40|MIST|9|73|0.0|1009
7-DEC-2017|04:00|ATHENRY GALWAY(A)|NW|16 Gust 32|--|6|71|0.0|1007
7-DEC-2017|04:00|BALLYHAISE CAVAN(A)|NW|09 Gust 27|FAIR|7|72|0.0|1004
7-DEC-2017|04:00|BELMULLET(A)|NW|21 Gust 36|- n/a -|8|n/a|0.0|1007
7-DEC-2017|04:00|CASEMENT AERODROME|NW|21 Gust 34|RECENT RAIN|9|89|1.8|1003
7-DEC-2017|04:00|CLAREMORRIS(A)|NW|15 Gust 26|--|6|69|0.0|1006
7-DEC-2017|04:00|CORK AIRPORT|NW|29 Gust 45|RECENT RAIN|8|94|0.1|1006
7-DEC-2017|04:00|DUBLIN AIRPORT|NW|23 Gust 41|LIGHT RAIN|8|88|1.1|1002
7-DEC-2017|04:00|DUNSANY MEATH(A)|NW|16 Gust 29|--|8|81|3.5|1003
7-DEC-2017|04:00|FINNER DONEGAL(A)|W|26 Gust 37|MIST|8|67|0.0|1004
7-DEC-2017|04:00|GURTEEN TIPPERARY(A|NW|16 Gust 27|CLOUDY|7|78|0.0|1006
7-DEC-2017|04:00|JOHNSTOWN CASTLE(A)|SW|13 Gust 25|LIGHT RAIN|12|97|1.8|1003
7-DEC-2017|04:00|KNOCK AIRPORT(P)|NW|19 Gust 38|- n/a -|5|77|0.0|1006
7-DEC-2017|04:00|MACE HEAD GALWAY(A)|NW|25 Gust 40|FAIR|8|68|0.0|1008
7-DEC-2017|04:00|MALIN HEAD(A)|W|35 Gust 49|CLOUDY|8|70|0.0|999
7-DEC-2017|04:00|MARKREE SLIGO(A)|--|--|--|8|68|0.1|1004
7-DEC-2017|04:00|MOOREPARK CORK(A)|NW|13 Gust 30|--|9|88|0.1|1007
7-DEC-2017|04:00|MT DILLON ROSCOM(A)|NW|15 Gust 29|--|6|76|0.0|1005
7-DEC-2017|04:00|MULLINGAR(A)|NW|09 Gust 25|CLOUDY|7|82|0.0|1004
7-DEC-2017|04:00|NEWPORT MAYO(A)|NW|17 Gust 28|--|8|69|0.0|1007
7-DEC-2017|04:00|OAK PARK CARLOW(A)|NW|15 Gust 31|RAIN SHOWER|9|92|1.1|1004
7-DEC-2017|04:00|PHOENIX PARK(A)|--|--|--|9|90|2.0|1003
7-DEC-2017|04:00|ROCHES POINT(A)|NW|35 Gust 46|RECENT DRIZZLE|9|93|0.1|1005
7-DEC-2017|04:00|SHANNON AIRPORT|NW|13 Gust 34|FAIR|8|77|0.0|1008
7-DEC-2017|04:00|SHERKIN ISLAND(A)|N|17 Gust 30|CLOUDY|10|79|0.0|1008
7-DEC-2017|04:00|VALENTIA(A)|N|21 Gust 39|CLOUDY|9|65|0.0|1010
7-DEC-2017|05:00|ATHENRY GALWAY(A)|W|08|--|6|70|0.0|1008
7-DEC-2017|05:00|BALLYHAISE CAVAN(A)|NW|08 Gust 27|FAIR|6|73|0.0|1004
7-DEC-2017|05:00|BELMULLET(A)|NW|19 Gust 36|- n/a -|7|n/a|0.1|1008
7-DEC-2017|05:00|CASEMENT AERODROME|NW|13 Gust 29|CLOUDY|8|79|0.0|1005
7-DEC-2017|05:00|CLAREMORRIS(A)|NW|14 Gust 31|--|6|75|0.0|1007
7-DEC-2017|05:00|CORK AIRPORT|SW|23 Gust 38|RECENT SHOWER|7|82|0.1|1009
7-DEC-2017|05:00|DUBLIN AIRPORT|NW|14 Gust 37|RECENT RAIN|7|83|Trace|1004
7-DEC-2017|05:00|DUNSANY MEATH(A)|NW|12 Gust 27|--|7|77|0.0|1003
7-DEC-2017|05:00|FINNER DONEGAL(A)|W|25 Gust 43|MIST|8|67|0.0|1004
7-DEC-2017|05:00|GURTEEN TIPPERARY(A|W|07 Gust 24|FAIR|5|83|0.0|1008
7-DEC-2017|05:00|JOHNSTOWN CASTLE(A)|NW|25 Gust 37|RAIN SHOWER|9|95|0.2|1003
7-DEC-2017|05:00|KNOCK AIRPORT(P)|NW|17|- n/a -|5|82|0.0|1007
7-DEC-2017|05:00|MACE HEAD GALWAY(A)|NW|27 Gust 39|FAIR|8|71|0.0|1008
7-DEC-2017|05:00|MALIN HEAD(A)|W|33 Gust 51|RAIN SHOWER|8|73|Trace|1000
7-DEC-2017|05:00|MARKREE SLIGO(A)|--|--|--|8|67|0.0|1006
7-DEC-2017|05:00|MOOREPARK CORK(A)|NW|11 Gust 22|--|8|79|0.0|1009
7-DEC-2017|05:00|MT DILLON ROSCOM(A)|W|12|--|6|74|0.0|1006
7-DEC-2017|05:00|MULLINGAR(A)|W|10 Gust 21|FAIR|5|75|0.0|1006
7-DEC-2017|05:00|NEWPORT MAYO(A)|NW|20 Gust 41|--|7|70|0.1|1008
7-DEC-2017|05:00|OAK PARK CARLOW(A)|NW|12 Gust 30|CLOUDY|8|78|0.0|1006
7-DEC-2017|05:00|PHOENIX PARK(A)|--|--|--|7|80|0.0|1005
7-DEC-2017|05:00|ROCHES POINT(A)|NW|31 Gust 46|FAIR|8|76|0.0|1007
7-DEC-2017|05:00|SHANNON AIRPORT|NW|10|FAIR|7|73|0.0|1009
7-DEC-2017|05:00|SHERKIN ISLAND(A)|N|24 Gust 36|FAIR|9|73|0.0|1008
7-DEC-2017|05:00|VALENTIA(A)|N|18 Gust 30|CLOUDY|8|61|0.0|1011
7-DEC-2017|06:00|ATHENRY GALWAY(A)|NW|14|--|6|73|0.0|1009
7-DEC-2017|06:00|BALLYHAISE CAVAN(A)|NW|07 Gust 28|FAIR|6|76|0.0|1005
7-DEC-2017|06:00|BELMULLET(A)|n/a|n/a|- n/a -|n/a|n/a|n/a|n/a
7-DEC-2017|06:00|CASEMENT AERODROME|W|14|FAIR|5|83|0.0|1007
7-DEC-2017|06:00|CLAREMORRIS(A)|NW|15 Gust 26|--|6|79|0.0|1008
7-DEC-2017|06:00|CORK AIRPORT|NW|29 Gust 45|FAIR|6|78|0.0|1009
7-DEC-2017|06:00|DUBLIN AIRPORT|W|13 Gust 27|FINE|5|79|0.0|1006
7-DEC-2017|06:00|DUNSANY MEATH(A)|W|13|--|6|78|0.0|1006
7-DEC-2017|06:00|FINNER DONEGAL(A)|W|23 Gust 42|MIST|8|67|0.0|1005
7-DEC-2017|06:00|GURTEEN TIPPERARY(A|SW|07|FAIR|4|81|0.0|1009
7-DEC-2017|06:00|JOHNSTOWN CASTLE(A)|NW|17 Gust 33|FAIR|7|82|0.0|1006
7-DEC-2017|06:00|KNOCK AIRPORT(P)|NW|14 Gust 28|RECENT DRIZZLE|5|83|Trace|1008
7-DEC-2017|06:00|MACE HEAD GALWAY(A)|NW|28 Gust 35|FAIR|8|68|0.0|1010
7-DEC-2017|06:00|MALIN HEAD(A)|W|31 Gust 51|CLOUDY|8|68|0.0|1000
7-DEC-2017|06:00|MARKREE SLIGO(A)|--|--|--|8|69|0.0|1006
7-DEC-2017|06:00|MOOREPARK CORK(A)|NW|14|--|7|70|0.0|1009
7-DEC-2017|06:00|MT DILLON ROSCOM(A)|W|12|--|6|79|0.0|1007
7-DEC-2017|06:00|MULLINGAR(A)|W|07|FAIR|5|78|0.0|1006
7-DEC-2017|06:00|NEWPORT MAYO(A)|NW|19 Gust 36|--|7|75|0.3|1009
7-DEC-2017|06:00|OAK PARK CARLOW(A)|NW|09 Gust 21|FAIR|6|72|0.0|1007
7-DEC-2017|06:00|PHOENIX PARK(A)|--|--|--|6|80|0.0|1006
7-DEC-2017|06:00|ROCHES POINT(A)|N|27 Gust 43|FAIR|7|70|0.0|1007
7-DEC-2017|06:00|SHANNON AIRPORT|W|09|FAIR|7|73|0.0|1010
7-DEC-2017|06:00|SHERKIN ISLAND(A)|NW|07 Gust 33|FAIR|8|71|0.0|1011
7-DEC-2017|06:00|VALENTIA(A)|N|14 Gust 29|CLOUDY|9|65|0.0|1012
7-DEC-2017|07:00|ATHENRY GALWAY(A)|W|07 Gust 22|--|6|77|0.0|1010
7-DEC-2017|07:00|BALLYHAISE CAVAN(A)|W|08 Gust 23|FAIR|6|76|0.0|1006
7-DEC-2017|07:00|BELMULLET(A)|n/a|n/a|- n/a -|n/a|n/a|n/a|n/a
7-DEC-2017|07:00|CASEMENT AERODROME|SW|13|FAIR|5|81|0.0|1007
7-DEC-2017|07:00|CLAREMORRIS(A)|NW|17 Gust 31|--|5|82|0.0|1009
7-DEC-2017|07:00|CORK AIRPORT|NW|17 Gust 39|FINE|6|77|0.0|1011
7-DEC-2017|07:00|DUBLIN AIRPORT|W|16|CLOUDY|5|79|0.0|1006
7-DEC-2017|07:00|DUNSANY MEATH(A)|W|11 Gust 22|--|5|81|0.0|1007
7-DEC-2017|07:00|FINNER DONEGAL(A)|W|24 Gust 44|MIST|8|71|0.0|1006
7-DEC-2017|07:00|GURTEEN TIPPERARY(A|SW|09|FAIR|4|81|0.0|1010
7-DEC-2017|07:00|JOHNSTOWN CASTLE(A)|NW|17 Gust 33|FAIR|6|70|0.0|1007
7-DEC-2017|07:00|KNOCK AIRPORT(P)|W|14|FINE|5|82|0.1|1009
7-DEC-2017|07:00|MACE HEAD GALWAY(A)|NW|26 Gust 39|FAIR|8|69|0.0|1011
7-DEC-2017|07:00|MALIN HEAD(A)|W|33 Gust 50|MOD. DRIZZLE|7|79|0.2|1001
7-DEC-2017|07:00|MARKREE SLIGO(A)|--|--|--|6|79|0.1|1008
7-DEC-2017|07:00|MOOREPARK CORK(A)|NW|09|--|6|70|0.0|1010
7-DEC-2017|07:00|MT DILLON ROSCOM(A)|W|11 Gust 24|--|6|80|0.0|1008
7-DEC-2017|07:00|MULLINGAR(A)|W|10|FAIR|5|83|0.0|1007
7-DEC-2017|07:00|NEWPORT MAYO(A)|NW|22 Gust 36|--|7|69|0.3|1009
7-DEC-2017|07:00|OAK PARK CARLOW(A)|W|10|FAIR|5|76|0.0|1009
7-DEC-2017|07:00|PHOENIX PARK(A)|--|--|--|5|79|0.0|1007
7-DEC-2017|07:00|ROCHES POINT(A)|NW|24 Gust 41|FAIR|7|68|0.0|1009
7-DEC-2017|07:00|SHANNON AIRPORT|NW|13|FINE|7|75|0.0|1011
7-DEC-2017|07:00|SHERKIN ISLAND(A)|NW|09|CLOUDY|8|65|0.0|1013
7-DEC-2017|07:00|VALENTIA(A)|N|12 Gust 25|CLOUDY|9|61|0.0|1014
7-DEC-2017|08:00|ATHENRY GALWAY(A)|W|06|--|5|80|0.0|1011
7-DEC-2017|08:00|BALLYHAISE CAVAN(A)|NW|09 Gust 26|FAIR|6|74|0.0|1007
7-DEC-2017|08:00|BELMULLET(A)|n/a|n/a|- n/a -|n/a|n/a|n/a|n/a
7-DEC-2017|08:00|CASEMENT AERODROME|W|15 Gust 25|FAIR|4|86|0.0|1008
7-DEC-2017|08:00|CLAREMORRIS(A)|NW|16|--|5|83|0.2|1011
7-DEC-2017|08:00|CORK AIRPORT|NW|23 Gust 39|FINE|6|77|0.0|1012
7-DEC-2017|08:00|DUBLIN AIRPORT|W|18|CLOUDY|4|84|0.0|1007
7-DEC-2017|08:00|DUNSANY MEATH(A)|W|11|--|4|85|0.0|1008
7-DEC-2017|08:00|FINNER DONEGAL(A)|NW|25 Gust 44|RAIN SHOWER|8|67|Trace|1007
7-DEC-2017|08:00|GURTEEN TIPPERARY(A|W|10|FAIR|5|81|0.0|1011
7-DEC-2017|08:00|JOHNSTOWN CASTLE(A)|NW|20 Gust 31|FAIR|6|70|0.0|1008
7-DEC-2017|08:00|KNOCK AIRPORT(P)|W|16|RECENT DRIZZLE|5|79|Trace|1010
7-DEC-2017|08:00|MACE HEAD GALWAY(A)|NW|27 Gust 41|RAIN SHOWER|8|67|Trace|1012
7-DEC-2017|08:00|MALIN HEAD(A)|W|30 Gust 48|RAIN SHOWER|7|78|0.2|1003
7-DEC-2017|08:00|MARKREE SLIGO(A)|--|--|--|6|77|0.1|1009
7-DEC-2017|08:00|MOOREPARK CORK(A)|W|07|--|6|73|0.0|1012
7-DEC-2017|08:00|MT DILLON ROSCOM(A)|W|12|--|6|76|0.0|1009
7-DEC-2017|08:00|MULLINGAR(A)|W|07|FAIR|5|82|0.0|1009
7-DEC-2017|08:00|NEWPORT MAYO(A)|NW|21 Gust 35|--|7|64|0.0|1011
7-DEC-2017|08:00|OAK PARK CARLOW(A)|W|14|FAIR|5|79|0.0|1010
7-DEC-2017|08:00|PHOENIX PARK(A)|--|--|--|5|82|0.0|1008
7-DEC-2017|08:00|ROCHES POINT(A)|NW|25 Gust 36|FAIR|8|73|0.0|1011
7-DEC-2017|08:00|SHANNON AIRPORT|NW|12|FAIR|7|72|0.0|1013
7-DEC-2017|08:00|SHERKIN ISLAND(A)|NW|14|FAIR|9|64|0.0|1015
7-DEC-2017|08:00|VALENTIA(A)|NW|17 Gust 29|FAIR|9|69|0.0|1016
7-DEC-2017|09:00|ATHENRY GALWAY(A)|W|06|--|5|79|0.0|1013
7-DEC-2017|09:00|BALLYHAISE CAVAN(A)|W|07|FAIR|5|77|0.0|1008
7-DEC-2017|09:00|BELMULLET(A)|n/a|n/a|- n/a -|n/a|n/a|n/a|n/a
7-DEC-2017|09:00|CASEMENT AERODROME|W|16|FAIR|4|86|0.0|1010
7-DEC-2017|09:00|CLAREMORRIS(A)|W|12|--|5|81|0.0|1012
7-DEC-2017|09:00|CORK AIRPORT|NW|26 Gust 34|FINE|6|76|0.0|1014
7-DEC-2017|09:00|DUBLIN AIRPORT|W|16 Gust 26|FAIR|5|83|0.0|1009
7-DEC-2017|09:00|DUNSANY MEATH(A)|W|12|--|5|84|0.0|1009
7-DEC-2017|09:00|FINNER DONEGAL(A)|NW|27 Gust 40|MIST|8|64|0.0|1008
7-DEC-2017|09:00|GURTEEN TIPPERARY(A|SW|07|FAIR|4|87|0.0|1012
7-DEC-2017|09:00|JOHNSTOWN CASTLE(A)|NW|16 Gust 32|FAIR|6|72|0.0|1011
7-DEC-2017|09:00|KNOCK AIRPORT(P)|W|15 Gust 26|FAIR|4|80|0.0|1011
7-DEC-2017|09:00|MACE HEAD GALWAY(A)|NW|31 Gust 38|FAIR|8|65|0.0|1013
7-DEC-2017|09:00|MALIN HEAD(A)|W|32 Gust 52|RECENT DRIZZLE|7|72|Trace|1004
7-DEC-2017|09:00|MARKREE SLIGO(A)|--|--|--|7|68|0.0|1009
7-DEC-2017|09:00|MOOREPARK CORK(A)|W|06|--|6|80|0.0|1014
7-DEC-2017|09:00|MT DILLON ROSCOM(A)|W|12|--|5|76|0.0|1010
7-DEC-2017|09:00|MULLINGAR(A)|W|08|FAIR|5|81|0.0|1010
7-DEC-2017|09:00|NEWPORT MAYO(A)|W|21 Gust 40|--|6|80|0.3|1012
7-DEC-2017|09:00|OAK PARK CARLOW(A)|W|09|FAIR|5|83|0.0|1012
7-DEC-2017|09:00|PHOENIX PARK(A)|--|--|--|5|82|0.0|1010
7-DEC-2017|09:00|ROCHES POINT(A)|NW|21 Gust 33|FAIR|8|73|0.0|1014
7-DEC-2017|09:00|SHANNON AIRPORT|W|13 Gust 24|RAIN SHOWER|7|74|Trace|1014
7-DEC-2017|09:00|SHERKIN ISLAND(A)|NW|12|FAIR|9|61|0.0|1016
7-DEC-2017|09:00|VALENTIA(A)|N|13 Gust 27|CLOUDY|9|69|0.0|1017
7-DEC-2017|10:00|ATHENRY GALWAY(A)|W|09|--|6|77|0.0|1013
7-DEC-2017|10:00|BALLYHAISE CAVAN(A)|W|07|FAIR|6|76|0.0|1009
7-DEC-2017|10:00|BELMULLET(A)|W|20 Gust 35|RECENT RAIN|7|67|Trace|1012
7-DEC-2017|10:00|CASEMENT AERODROME|W|15|FAIR|5|86|0.0|1011
7-DEC-2017|10:00|CLAREMORRIS(A)|W|11 Gust 25|--|5|85|0.7|1012
7-DEC-2017|10:00|CORK AIRPORT|NW|20 Gust 32|NEARBY SHOWER|7|77|0.0|1015
7-DEC-2017|10:00|DUBLIN AIRPORT|W|19|FAIR|5|81|0.0|1010
7-DEC-2017|10:00|DUNSANY MEATH(A)|W|12|--|5|81|0.0|1010
7-DEC-2017|10:00|FINNER DONEGAL(A)|W|26 Gust 42|RECENT RAIN|7|69|0.2|1008
7-DEC-2017|10:00|GURTEEN TIPPERARY(A|W|11|FAIR|5|79|0.0|1013
7-DEC-2017|10:00|JOHNSTOWN CASTLE(A)|NW|18|FAIR|6|73|0.0|1012
7-DEC-2017|10:00|KNOCK AIRPORT(P)|W|18|RAIN SHOWER|5|75|Trace|1012
7-DEC-2017|10:00|MACE HEAD GALWAY(A)|NW|29 Gust 39|CLOUDY|8|61|0.0|1013
7-DEC-2017|10:00|MALIN HEAD(A)|W|33 Gust 47|RAIN SHOWER|7|69|Trace|1004
7-DEC-2017|10:00|MARKREE SLIGO(A)|--|--|--|5|82|0.4|1010
7-DEC-2017|10:00|MOOREPARK CORK(A)|W|09|--|7|77|0.0|1015
7-DEC-2017|10:00|MT DILLON ROSCOM(A)|W|10 Gust 25|--|6|75|0.0|1011
7-DEC-2017|10:00|MULLINGAR(A)|W|08|FAIR|5|79|0.0|1011
7-DEC-2017|10:00|NEWPORT MAYO(A)|NW|24 Gust 37|--|7|63|0.5|1012
7-DEC-2017|10:00|OAK PARK CARLOW(A)|W|10|FAIR|5|81|0.0|1013
7-DEC-2017|10:00|PHOENIX PARK(A)|--|--|--|5|80|0.0|1010
7-DEC-2017|10:00|ROCHES POINT(A)|NW|20|FAIR|8|72|0.0|1015
7-DEC-2017|10:00|SHANNON AIRPORT|W|14 Gust 24|RECENT SHOWER|7|65|Trace|1015
7-DEC-2017|10:00|SHERKIN ISLAND(A)|NW|13|CLOUDY|9|66|0.0|1017
7-DEC-2017|10:00|VALENTIA(A)|NW|16 Gust 28|FAIR|9|59|0.0|1018
7-DEC-2017|11:00|ATHENRY GALWAY(A)|SW|05|--|6|76|0.0|1014
7-DEC-2017|11:00|BALLYHAISE CAVAN(A)|W|06 Gust 25|RECENT RAIN|5|87|0.6|1010
7-DEC-2017|11:00|BELMULLET(A)|NW|24 Gust 39|RAIN SHOWER|5|84|0.3|1013
7-DEC-2017|11:00|CASEMENT AERODROME|W|18|FAIR|5|81|0.0|1011
7-DEC-2017|11:00|CLAREMORRIS(A)|NW|15 Gust 28|--|4|87|0.5|1013
7-DEC-2017|11:00|CORK AIRPORT|NW|14 Gust 26|CLOUDY|7|76|0.0|1016
7-DEC-2017|11:00|DUBLIN AIRPORT|W|21|FAIR|6|78|0.0|1011
7-DEC-2017|11:00|DUNSANY MEATH(A)|W|13|--|6|78|0.0|1011
7-DEC-2017|11:00|FINNER DONEGAL(A)|NW|27 Gust 40|CLOUDY|7|71|0.0|1009
7-DEC-2017|11:00|GURTEEN TIPPERARY(A|W|12|FAIR|6|77|0.0|1014
7-DEC-2017|11:00|JOHNSTOWN CASTLE(A)|W|14 Gust 29|FAIR|7|70|0.0|1013
7-DEC-2017|11:00|KNOCK AIRPORT(P)|W|19 Gust 36|RECENT SHOWER|5|79|0.1|1013
7-DEC-2017|11:00|MACE HEAD GALWAY(A)|NW|29 Gust 39|FAIR|8|55|0.0|1014
7-DEC-2017|11:00|MALIN HEAD(A)|NW|32 Gust 46|RAIN SHOWER|7|68|0.4|1005
7-DEC-2017|11:00|MARKREE SLIGO(A)|--|--|--|6|78|0.2|1011
7-DEC-2017|11:00|MOOREPARK CORK(A)|W|09|--|7|76|0.0|1016
7-DEC-2017|11:00|MT DILLON ROSCOM(A)|W|14 Gust 26|--|6|77|0.0|1012
7-DEC-2017|11:00|MULLINGAR(A)|W|08|FAIR|5|78|0.0|1011
7-DEC-2017|11:00|NEWPORT MAYO(A)|NW|24 Gust 40|--|7|64|0.2|1013
7-DEC-2017|11:00|OAK PARK CARLOW(A)|W|09|FAIR|6|78|0.0|1013
7-DEC-2017|11:00|PHOENIX PARK(A)|--|--|--|6|78|0.0|1011
7-DEC-2017|11:00|ROCHES POINT(A)|NW|24|FAIR|8|72|0.0|1016
7-DEC-2017|11:00|SHANNON AIRPORT|W|14 Gust 31|RECENT SHOWER|8|62|Trace|1015
7-DEC-2017|11:00|SHERKIN ISLAND(A)|NW|13|CLOUDY|9|62|0.0|1018
7-DEC-2017|11:00|VALENTIA(A)|NW|11 Gust 28|CLOUDY|9|61|0.0|1018
7-DEC-2017|12:00|ATHENRY GALWAY(A)|W|09 Gust 23|--|6|77|0.0|1014
7-DEC-2017|12:00|BALLYHAISE CAVAN(A)|W|06|FAIR|6|83|0.0|1010
7-DEC-2017|12:00|BELMULLET(A)|NW|22 Gust 39|RECENT RAIN|7|70|0.2|1014
7-DEC-2017|12:00|CASEMENT AERODROME|W|17|CLOUDY|6|80|0.0|1011
7-DEC-2017|12:00|CLAREMORRIS(A)|W|16 Gust 26|--|6|75|0.0|1013
7-DEC-2017|12:00|CORK AIRPORT|NW|15 Gust 25|CLOUDY|7|75|0.0|1016
7-DEC-2017|12:00|DUBLIN AIRPORT|W|20|FAIR|6|77|0.0|1011
7-DEC-2017|12:00|DUNSANY MEATH(A)|W|12 Gust 23|--|6|79|0.0|1011
7-DEC-2017|12:00|FINNER DONEGAL(A)|W|25 Gust 37|MIST|7|64|0.0|1009
7-DEC-2017|12:00|GURTEEN TIPPERARY(A|W|10|FAIR|7|76|0.0|1014
7-DEC-2017|12:00|JOHNSTOWN CASTLE(A)|W|11 Gust 24|CLOUDY|7|70|0.0|1013
7-DEC-2017|12:00|KNOCK AIRPORT(P)|W|20 Gust 34|RAIN SHOWER|4|84|0.1|1013
7-DEC-2017|12:00|MACE HEAD GALWAY(A)|NW|32 Gust 44|FAIR|8|64|0.0|1014
7-DEC-2017|12:00|MALIN HEAD(A)|W|29 Gust 44|RAIN SHOWER|5|73|0.2|1006
7-DEC-2017|12:00|MARKREE SLIGO(A)|--|--|--|5|86|0.8|1011
7-DEC-2017|12:00|MOOREPARK CORK(A)|W|11|--|7|69|0.0|1015
7-DEC-2017|12:00|MT DILLON ROSCOM(A)|W|13 Gust 24|--|6|71|0.0|1012
7-DEC-2017|12:00|MULLINGAR(A)|W|09|FAIR|6|75|0.0|1012
7-DEC-2017|12:00|NEWPORT MAYO(A)|NW|23 Gust 41|--|6|74|0.1|1013
7-DEC-2017|12:00|OAK PARK CARLOW(A)|W|12 Gust 24|FAIR|6|76|0.0|1013
7-DEC-2017|12:00|PHOENIX PARK(A)|--|--|--|6|78|0.0|1011
7-DEC-2017|12:00|ROCHES POINT(A)|NW|20|FAIR|8|67|0.0|1016
7-DEC-2017|12:00|SHANNON AIRPORT|W|17 Gust 31|FAIR|8|59|0.0|1015
7-DEC-2017|12:00|SHERKIN ISLAND(A)|NW|18 Gust 29|FAIR|9|60|0.0|1018
7-DEC-2017|12:00|VALENTIA(A)|NW|17|CLOUDY|9|61|0.0|1018
7-DEC-2017|13:00|ATHENRY GALWAY(A)|W|13 Gust 29|--|7|68|0.0|1014
7-DEC-2017|13:00|BALLYHAISE CAVAN(A)|W|09|RAIN SHOWER|4|88|0.5|1010
7-DEC-2017|13:00|BELMULLET(A)|NW|16 Gust 40|RAIN SHOWER|5|70|0.1|1014
7-DEC-2017|13:00|CASEMENT AERODROME|W|18|CLOUDY|6|79|0.0|1012
7-DEC-2017|13:00|CLAREMORRIS(A)|W|12 Gust 26|--|6|78|0.0|1014
7-DEC-2017|13:00|CORK AIRPORT|W|16|CLOUDY|8|68|0.0|1017
7-DEC-2017|13:00|DUBLIN AIRPORT|W|21|FAIR|6|77|0.0|1011
7-DEC-2017|13:00|DUNSANY MEATH(A)|W|15 Gust 26|--|6|74|0.0|1011
7-DEC-2017|13:00|FINNER DONEGAL(A)|NW|26 Gust 36|RAIN SHOWER|4|86|0.2|1011
7-DEC-2017|13:00|GURTEEN TIPPERARY(A|W|15|FAIR|7|71|0.0|1014
7-DEC-2017|13:00|JOHNSTOWN CASTLE(A)|W|11 Gust 21|FAIR|7|70|0.0|1013
7-DEC-2017|13:00|KNOCK AIRPORT(P)|W|18 Gust 30|RAIN SHOWER|5|84|Trace|1013
7-DEC-2017|13:00|MACE HEAD GALWAY(A)|NW|27 Gust 47|- n/a -|7|78|0.1|1015
7-DEC-2017|13:00|MALIN HEAD(A)|NW|30 Gust 45|RAIN SHOWER|6|82|0.5|1007
7-DEC-2017|13:00|MARKREE SLIGO(A)|--|--|--|5|81|0.2|1012
7-DEC-2017|13:00|MOOREPARK CORK(A)|NW|12|--|8|64|0.0|1016
7-DEC-2017|13:00|MT DILLON ROSCOM(A)|NW|17 Gust 28|--|6|78|0.0|1012
7-DEC-2017|13:00|MULLINGAR(A)|W|09|FAIR|6|74|0.0|1012
7-DEC-2017|13:00|NEWPORT MAYO(A)|NW|24 Gust 41|--|5|80|0.2|1014
7-DEC-2017|13:00|OAK PARK CARLOW(A)|W|13|FAIR|8|73|0.0|1013
7-DEC-2017|13:00|PHOENIX PARK(A)|--|--|--|7|72|0.0|1012
7-DEC-2017|13:00|ROCHES POINT(A)|NW|16|FAIR|8|65|0.0|1016
7-DEC-2017|13:00|SHANNON AIRPORT|W|16 Gust 26|FAIR|8|57|0.0|1016
7-DEC-2017|13:00|SHERKIN ISLAND(A)|NW|19|FAIR|10|55|0.0|1018
7-DEC-2017|13:00|VALENTIA(A)|NW|15|FAIR|9|57|0.2|1019
7-DEC-2017|14:00|ATHENRY GALWAY(A)|W|14 Gust 29|--|6|75|0.0|1015
7-DEC-2017|14:00|BALLYHAISE CAVAN(A)|NW|08 Gust 26|MOD RAIN SHOWER|4|91|1.6|1012
7-DEC-2017|14:00|BELMULLET(A)|NW|18 Gust 35|RECENT DRIZZLE|7|57|Trace|1014
7-DEC-2017|14:00|CASEMENT AERODROME|W|18 Gust 28|CLOUDY|6|77|0.0|1012
7-DEC-2017|14:00|CLAREMORRIS(A)|NW|16 Gust 38|--|3|90|0.5|1015
7-DEC-2017|14:00|CORK AIRPORT|NW|20 Gust 36|FAIR|7|68|0.0|1017
7-DEC-2017|14:00|DUBLIN AIRPORT|W|18 Gust 33|RAIN SHOWER|6|74|Trace|1011
7-DEC-2017|14:00|DUNSANY MEATH(A)|W|14 Gust 28|--|5|86|0.2|1012
7-DEC-2017|14:00|FINNER DONEGAL(A)|NW|24 Gust 36|RECENT RAIN|6|66|0.2|1011
7-DEC-2017|14:00|GURTEEN TIPPERARY(A|W|13 Gust 25|RECENT RAIN|6|72|0.2|1014
7-DEC-2017|14:00|JOHNSTOWN CASTLE(A)|W|14|FAIR|8|63|0.0|1014
7-DEC-2017|14:00|KNOCK AIRPORT(P)|NW|20 Gust 34|RECENT SNOW|4|75|0.1|1014
7-DEC-2017|14:00|MACE HEAD GALWAY(A)|NW|24 Gust 47|RAIN SHOWER|6|73|Trace|1016
7-DEC-2017|14:00|MALIN HEAD(A)|W|31 Gust 43|RECENT DRIZZLE|6|67|Trace|1007
7-DEC-2017|14:00|MARKREE SLIGO(A)|--|--|--|7|59|0.1|1012
7-DEC-2017|14:00|MOOREPARK CORK(A)|W|14 Gust 26|--|7|71|0.0|1016
7-DEC-2017|14:00|MT DILLON ROSCOM(A)|W|12 Gust 26|--|5|81|0.2|1013
7-DEC-2017|14:00|MULLINGAR(A)|W|11 Gust 25|RECENT DRIZZLE|5|74|Trace|1013
7-DEC-2017|14:00|NEWPORT MAYO(A)|NW|19 Gust 39|--|5|76|0.4|1015
7-DEC-2017|14:00|OAK PARK CARLOW(A)|W|15 Gust 28|FAIR|7|68|0.0|1013
7-DEC-2017|14:00|PHOENIX PARK(A)|--|--|--|6|71|0.0|1012
7-DEC-2017|14:00|ROCHES POINT(A)|NW|21|FAIR|8|59|0.0|1016
7-DEC-2017|14:00|SHANNON AIRPORT|NW|22 Gust 32|RAIN SHOWER|7|75|0.1|1016
7-DEC-2017|14:00|SHERKIN ISLAND(A)|W|19|FAIR|9|63|0.0|1018
7-DEC-2017|14:00|VALENTIA(A)|NW|17 Gust 29|FAIR|9|49|0.0|1019
7-DEC-2017|15:00|ATHENRY GALWAY(A)|W|11 Gust 34|--|4|85|0.7|1016
7-DEC-2017|15:00|BALLYHAISE CAVAN(A)|NW|05 Gust 24|RECENT RAIN|3|92|0.5|1012
7-DEC-2017|15:00|BELMULLET(A)|NW|21 Gust 37|SHOWERY PRECIP|5|72|1.8|1015
7-DEC-2017|15:00|CASEMENT AERODROME|W|21 Gust 31|RECENT SHOWER|5|74|0.1|1012
7-DEC-2017|15:00|CLAREMORRIS(A)|W|08|--|4|84|0.0|1015
7-DEC-2017|15:00|CORK AIRPORT|W|15 Gust 26|NEARBY SHOWER|7|71|0.0|1017
7-DEC-2017|15:00|DUBLIN AIRPORT|W|19|RECENT SHOWER|5|79|Trace|1012
7-DEC-2017|15:00|DUNSANY MEATH(A)|W|15 Gust 27|--|5|82|0.0|1012
7-DEC-2017|15:00|FINNER DONEGAL(A)|NW|26 Gust 40|FAIR|6|51|0.0|1011
7-DEC-2017|15:00|GURTEEN TIPPERARY(A|NW|17 Gust 31|RAIN SHOWER|3|90|0.1|1016
7-DEC-2017|15:00|JOHNSTOWN CASTLE(A)|W|13 Gust 28|FAIR|7|64|0.0|1014
7-DEC-2017|15:00|KNOCK AIRPORT(P)|W|15 Gust 30|RECENT SNOW|3|76|Trace|1014
7-DEC-2017|15:00|MACE HEAD GALWAY(A)|NW|24 Gust 36|LIGHT RAIN|7|72|Trace|1016
7-DEC-2017|15:00|MALIN HEAD(A)|W|31 Gust 47|RECENT RAIN|5|57|0.2|1007
7-DEC-2017|15:00|MARKREE SLIGO(A)|--|--|--|6|49|0.0|1012
7-DEC-2017|15:00|MOOREPARK CORK(A)|W|09 Gust 28|--|6|75|0.0|1017
7-DEC-2017|15:00|MT DILLON ROSCOM(A)|W|12|--|5|73|0.0|1013
7-DEC-2017|15:00|MULLINGAR(A)|W|08 Gust 25|RECENT DRIZZLE|4|79|Trace|1013
7-DEC-2017|15:00|NEWPORT MAYO(A)|NW|22 Gust 36|--|5|78|0.4|1015
7-DEC-2017|15:00|OAK PARK CARLOW(A)|W|13 Gust 26|FAIR|6|69|0.0|1014
7-DEC-2017|15:00|PHOENIX PARK(A)|--|--|--|5|80|0.2|1012
7-DEC-2017|15:00|ROCHES POINT(A)|NW|20 Gust 35|FAIR|8|68|0.0|1017
7-DEC-2017|15:00|SHANNON AIRPORT|NW|19 Gust 30|RAIN SHOWER|6|74|Trace|1017
7-DEC-2017|15:00|SHERKIN ISLAND(A)|NW|19 Gust 29|FAIR|9|60|0.0|1019
7-DEC-2017|15:00|VALENTIA(A)|NW|13 Gust 28|RAIN SHOWER|8|61|Trace|1020
7-DEC-2017|16:00|ATHENRY GALWAY(A)|W|04|--|3|90|0.4|1016
7-DEC-2017|16:00|BALLYHAISE CAVAN(A)|W|05|FAIR|2|79|0.0|1012
7-DEC-2017|16:00|BELMULLET(A)|NW|20 Gust 40|RAIN SHOWER|4|73|1.7|1015
7-DEC-2017|16:00|CASEMENT AERODROME|W|13 Gust 35|FAIR|4|84|0.0|1013
7-DEC-2017|16:00|CLAREMORRIS(A)|NW|14 Gust 31|--|3|86|0.4|1015
7-DEC-2017|16:00|CORK AIRPORT|W|16|NEARBY SHOWER|6|72|0.0|1018
7-DEC-2017|16:00|DUBLIN AIRPORT|W|12 Gust 33|RECENT SHOWER|4|85|0.2|1013
7-DEC-2017|16:00|DUNSANY MEATH(A)|W|12|--|4|83|0.1|1013
7-DEC-2017|16:00|FINNER DONEGAL(A)|NW|24 Gust 45|FAIR|6|59|0.0|1011
7-DEC-2017|16:00|GURTEEN TIPPERARY(A|NW|11|LIGHT RAIN|3|86|Trace|1016
7-DEC-2017|16:00|JOHNSTOWN CASTLE(A)|NW|15 Gust 32|FAIR|6|66|0.0|1015
7-DEC-2017|16:00|KNOCK AIRPORT(P)|W|17 Gust 30|RECENT SNOW|2|87|0.1|1015
7-DEC-2017|16:00|MACE HEAD GALWAY(A)|NW|24 Gust 38|RECENT DRIZZLE|6|68|Trace|1016
7-DEC-2017|16:00|MALIN HEAD(A)|NW|33 Gust 46|RAIN SHOWER|5|63|Trace|1008
7-DEC-2017|16:00|MARKREE SLIGO(A)|--|--|--|3|85|0.6|1013
7-DEC-2017|16:00|MOOREPARK CORK(A)|W|08 Gust 21|--|5|75|0.3|1017
7-DEC-2017|16:00|MT DILLON ROSCOM(A)|W|11 Gust 25|--|4|71|0.0|1014
7-DEC-2017|16:00|MULLINGAR(A)|W|07|RECENT DRIZZLE|4|74|Trace|1013
7-DEC-2017|16:00|NEWPORT MAYO(A)|NW|19 Gust 37|--|5|68|0.6|1015
7-DEC-2017|16:00|OAK PARK CARLOW(A)|W|16|FAIR|5|73|0.0|1015
7-DEC-2017|16:00|PHOENIX PARK(A)|--|--|--|4|79|0.0|1013
7-DEC-2017|16:00|ROCHES POINT(A)|NW|19 Gust 31|FAIR|7|68|0.0|1018
7-DEC-2017|16:00|SHANNON AIRPORT|W|12 Gust 24|RECENT SHOWER|6|68|Trace|1017
7-DEC-2017|16:00|SHERKIN ISLAND(A)|NW|13 Gust 32|FAIR|8|67|0.0|1020
7-DEC-2017|16:00|VALENTIA(A)|NW|13 Gust 36|RECENT DRIZZLE|7|63|0.2|1020
7-DEC-2017|17:00|ATHENRY GALWAY(A)|W|06|--|3|85|0.0|1017
7-DEC-2017|17:00|BALLYHAISE CAVAN(A)|W|05 Gust 21|FAIR|3|79|0.0|1012
7-DEC-2017|17:00|BELMULLET(A)|NW|18 Gust 43|RAIN SHOWER|4|77|0.1|1016
7-DEC-2017|17:00|CASEMENT AERODROME|W|14|RECENT SHOWER|3|82|Trace|1013
7-DEC-2017|17:00|CLAREMORRIS(A)|NW|12|--|2|87|0.1|1016
7-DEC-2017|17:00|CORK AIRPORT|W|10 Gust 31|RECENT SHOWER|3|88|0.1|1019
7-DEC-2017|17:00|DUBLIN AIRPORT|W|15|FINE|3|80|0.0|1013
7-DEC-2017|17:00|DUNSANY MEATH(A)|W|12|--|3|82|0.0|1013
7-DEC-2017|17:00|FINNER DONEGAL(A)|NW|28 Gust 45|RECENT RAIN|6|45|0.7|1011
7-DEC-2017|17:00|GURTEEN TIPPERARY(A|SW|07|RECENT RAIN|2|90|0.1|1016
7-DEC-2017|17:00|JOHNSTOWN CASTLE(A)|W|13 Gust 24|RAIN SHOWER|5|73|Trace|1016
7-DEC-2017|17:00|KNOCK AIRPORT(P)|W|13 Gust 31|RECENT HAIL|1|90|0.1|1016
7-DEC-2017|17:00|MACE HEAD GALWAY(A)|NW|27 Gust 48|CLOUDY|6|66|0.0|1017
7-DEC-2017|17:00|MALIN HEAD(A)|NW|35 Gust 48|RAIN SHOWER|4|81|0.8|1008
7-DEC-2017|17:00|MARKREE SLIGO(A)|--|--|--|4|70|0.1|1013
7-DEC-2017|17:00|MOOREPARK CORK(A)|W|08|--|4|84|0.0|1018
7-DEC-2017|17:00|MT DILLON ROSCOM(A)|W|11 Gust 23|--|3|89|0.2|1015
7-DEC-2017|17:00|MULLINGAR(A)|W|08|CLOUDY|3|76|0.0|1014
7-DEC-2017|17:00|NEWPORT MAYO(A)|NW|19 Gust 34|--|4|75|1.1|1016
7-DEC-2017|17:00|OAK PARK CARLOW(A)|W|11|FAIR|3|79|0.0|1015
7-DEC-2017|17:00|PHOENIX PARK(A)|--|--|--|4|79|0.0|1013
7-DEC-2017|17:00|ROCHES POINT(A)|W|15 Gust 33|RECENT RAIN|5|79|0.1|1019
7-DEC-2017|17:00|SHANNON AIRPORT|NW|16 Gust 29|RAIN SHOWER|5|82|Trace|1018
7-DEC-2017|17:00|SHERKIN ISLAND(A)|W|17|FAIR|7|68|0.0|1020
7-DEC-2017|17:00|VALENTIA(A)|NW|15 Gust 27|RECENT DRIZZLE|7|68|Trace|1021
7-DEC-2017|18:00|ATHENRY GALWAY(A)|W|11|--|2|89|0.3|1017
7-DEC-2017|18:00|BALLYHAISE CAVAN(A)|W|08|RAIN SHOWER|2|82|0.2|1012
7-DEC-2017|18:00|BELMULLET(A)|NW|23 Gust 42|RECENT RAIN|5|61|0.3|1016
7-DEC-2017|18:00|CASEMENT AERODROME|W|15|FAIR|2|85|0.0|1014
7-DEC-2017|18:00|CLAREMORRIS(A)|W|11 Gust 29|--|1|92|0.6|1016
7-DEC-2017|18:00|CORK AIRPORT|W|11|RECENT SHOWER|4|87|Trace|1019
7-DEC-2017|18:00|DUBLIN AIRPORT|W|15 Gust 28|FAIR|3|77|0.0|1014
7-DEC-2017|18:00|DUNSANY MEATH(A)|W|13|--|3|78|0.0|1014
7-DEC-2017|18:00|FINNER DONEGAL(A)|NW|27 Gust 48|RAIN SHOWER|4|67|Trace|1012
7-DEC-2017|18:00|GURTEEN TIPPERARY(A|W|15|LIGHT RAIN|3|88|0.2|1017
7-DEC-2017|18:00|JOHNSTOWN CASTLE(A)|W|12|FAIR|3|79|0.0|1016
7-DEC-2017|18:00|KNOCK AIRPORT(P)|W|11 Gust 27|RECENT SNOW|1|92|1.0|1016
7-DEC-2017|18:00|MACE HEAD GALWAY(A)|NW|40 Gust 50|RAIN SHOWER|5|74|Trace|1017
7-DEC-2017|18:00|MALIN HEAD(A)|W|29 Gust 47|RECENT DRIZZLE|4|80|0.1|1008
7-DEC-2017|18:00|MARKREE SLIGO(A)|--|--|--|4|66|0.3|1014
7-DEC-2017|18:00|MOOREPARK CORK(A)|W|09 Gust 22|--|4|85|0.2|1019
7-DEC-2017|18:00|MT DILLON ROSCOM(A)|W|11|--|2|89|0.5|1015
7-DEC-2017|18:00|MULLINGAR(A)|W|08 Gust 23|SNOW SHOWER|1|90|0.6|1015
7-DEC-2017|18:00|NEWPORT MAYO(A)|NW|21 Gust 36|--|3|75|1.1|1016
7-DEC-2017|18:00|OAK PARK CARLOW(A)|W|12|FAIR|3|84|0.0|1016
7-DEC-2017|18:00|PHOENIX PARK(A)|--|--|--|3|79|0.0|1014
7-DEC-2017|18:00|ROCHES POINT(A)|W|11|FAIR|4|83|0.0|1019
7-DEC-2017|18:00|SHANNON AIRPORT|NW|14 Gust 29|RAIN SHOWER|5|79|0.1|1018
7-DEC-2017|18:00|SHERKIN ISLAND(A)|NW|16|FAIR|8|64|0.0|1021
7-DEC-2017|18:00|VALENTIA(A)|NW|17|RECENT RAIN|7|57|Trace|1021
7-DEC-2017|19:00|ATHENRY GALWAY(A)|W|10 Gust 20|--|2|90|0.5|1018
7-DEC-2017|19:00|BALLYHAISE CAVAN(A)|W|09 Gust 28|SNOW SHOWER|2|82|Trace|1013
7-DEC-2017|19:00|BELMULLET(A)|NW|20 Gust 35|RECENT RAIN|4|70|0.3|1017
7-DEC-2017|19:00|CASEMENT AERODROME|W|15 Gust 28|RECENT SHOWER|2|90|Trace|1014
7-DEC-2017|19:00|CLAREMORRIS(A)|W|09 Gust 26|--|1|90|0.1|1017
7-DEC-2017|19:00|CORK AIRPORT|W|10 Gust 32|RECENT SHOWER|3|92|0.5|1020
7-DEC-2017|19:00|DUBLIN AIRPORT|W|19|RECENT SHOWER|2|84|Trace|1014
7-DEC-2017|19:00|DUNSANY MEATH(A)|W|14|--|2|87|0.0|1014
7-DEC-2017|19:00|FINNER DONEGAL(A)|NW|24 Gust 41|RAIN SHOWER|5|63|Trace|1013
7-DEC-2017|19:00|GURTEEN TIPPERARY(A|W|13|RAIN SHOWER|2|92|0.1|1018
7-DEC-2017|19:00|JOHNSTOWN CASTLE(A)|W|10|FAIR|3|83|0.0|1017
7-DEC-2017|19:00|KNOCK AIRPORT(P)|W|13 Gust 27|RECENT SNOW|1|88|0.3|1016
7-DEC-2017|19:00|MACE HEAD GALWAY(A)|NW|32 Gust 47|RAIN SHOWER|4|78|0.1|1018
7-DEC-2017|19:00|MALIN HEAD(A)|NW|27 Gust 47|RAIN SHOWER|4|89|0.3|1009
7-DEC-2017|19:00|MARKREE SLIGO(A)|--|--|--|3|70|0.1|1014
7-DEC-2017|19:00|MOOREPARK CORK(A)|W|09 Gust 26|--|3|87|0.8|1019
7-DEC-2017|19:00|MT DILLON ROSCOM(A)|W|14 Gust 30|--|2|89|0.2|1015
7-DEC-2017|19:00|MULLINGAR(A)|W|08|SNOW SHOWER|1|89|0.3|1015
7-DEC-2017|19:00|NEWPORT MAYO(A)|NW|20 Gust 42|--|4|69|0.0|1017
7-DEC-2017|19:00|OAK PARK CARLOW(A)|W|15|RAIN SHOWER|3|84|Trace|1017
7-DEC-2017|19:00|PHOENIX PARK(A)|--|--|--|2|84|0.0|1014
7-DEC-2017|19:00|ROCHES POINT(A)|NW|14 Gust 25|RAIN SHOWER|4|85|0.1|1020
7-DEC-2017|19:00|SHANNON AIRPORT|W|18 Gust 35|RAIN SHOWER|4|83|0.4|1019
7-DEC-2017|19:00|SHERKIN ISLAND(A)|NW|20|RECENT DRIZZLE|7|67|Trace|1021
7-DEC-2017|19:00|VALENTIA(A)|NW|13 Gust 28|RECENT RAIN|6|68|0.2|1022
